driverId,week,hours-logged,miles-logged,name
10,1,70,3300,George Vetticaden
10,2,70,3300,George Vetticaden
10,3,60,2800,George Vetticaden
10,4,70,3100,George Vetticaden
10,5,70,3200,George Vetticaden
10,6,70,3300,George Vetticaden
10,7,70,3000,George Vetticaden
10,8,70,3300,George Vetticaden
10,9,70,3200,George Vetticaden
10,10,50,2500,George Vetticaden
10,11,70,2900,George Vetticaden
10,12,70,3100,George Vetticaden
10,13,70,3300,George Vetticaden
10,14,70,3300,George Vetticaden
10,15,70,3300,George Vetticaden
10,16,70,3400,George Vetticaden
10,17,70,3300,George Vetticaden
10,18,70,3300,George Vetticaden
10,19,70,3300,George Vetticaden
10,20,30,1200,George Vetticaden
10,21,50,2500,George Vetticaden
10,22,70,3300,George Vetticaden
10,23,70,3300,George Vetticaden
10,24,70,3300,George Vetticaden
10,25,70,3300,George Vetticaden
10,26,60,2600,George Vetticaden
10,27,66,2700,George Vetticaden
10,28,33,1200,George Vetticaden
10,29,70,3300,George Vetticaden
10,30,70,3300,George Vetticaden
10,31,72,3100,George Vetticaden
10,32,70,3200,George Vetticaden
10,33,70,3300,George Vetticaden
10,34,70,3300,George Vetticaden
10,35,0,0,George Vetticaden
10,36,19,1000,George Vetticaden
10,37,65,2700,George Vetticaden
10,38,70,3300,George Vetticaden
10,39,70,3300,George Vetticaden
10,40,70,3100,George Vetticaden
10,41,70,3300,George Vetticaden
10,42,70,3100,George Vetticaden
10,43,70,3300,George Vetticaden
10,44,70,3300,George Vetticaden
10,45,65,2700,George Vetticaden
10,46,57,2300,George Vetticaden
10,47,74,3400,George Vetticaden
10,48,76,3400,George Vetticaden
10,49,68,2800,George Vetticaden
10,50,72,2900,George Vetticaden
10,51,5,150,George Vetticaden
10,52,0,0,George Vetticaden
11,1,50,3000,Jamie Engesser
11,2,83,4000,Jamie Engesser
11,3,80,4000,Jamie Engesser
11,4,85,4000,Jamie Engesser
11,5,90,4100,Jamie Engesser
11,6,70,3400,Jamie Engesser
11,7,80,4000,Jamie Engesser
11,8,80,4000,Jamie Engesser
11,9,80,4000,Jamie Engesser
11,10,80,4000,Jamie Engesser
11,11,77,3800,Jamie Engesser
11,12,80,4100,Jamie Engesser
11,13,80,4200,Jamie Engesser
11,14,80,4000,Jamie Engesser
11,15,0,0,Jamie Engesser
11,16,0,0,Jamie Engesser
11,17,90,4300,Jamie Engesser
11,18,80,4000,Jamie Engesser
11,19,75,3700,Jamie Engesser
11,20,92,4400,Jamie Engesser
11,21,70,3500,Jamie Engesser
11,22,70,3500,Jamie Engesser
11,23,70,3500,Jamie Engesser
11,24,82,4000,Jamie Engesser
11,25,80,4000,Jamie Engesser
11,26,75,3700,Jamie Engesser
11,27,82,4000,Jamie Engesser
11,28,82,4000,Jamie Engesser
11,29,82,4000,Jamie Engesser
11,30,82,4000,Jamie Engesser
11,31,82,4000,Jamie Engesser
11,32,82,4000,Jamie Engesser
11,33,82,4000,Jamie Engesser
11,34,92,4500,Jamie Engesser
11,35,70,3500,Jamie Engesser
11,36,70,3500,Jamie Engesser
11,37,70,3500,Jamie Engesser
11,38,82,4000,Jamie Engesser
11,39,80,4000,Jamie Engesser
11,40,75,3700,Jamie Engesser
11,41,0,0,Jamie Engesser
11,42,0,0,Jamie Engesser
11,43,0,0,Jamie Engesser
11,44,90,4300,Jamie Engesser
11,45,80,4000,Jamie Engesser
11,46,75,3700,Jamie Engesser
11,47,90,4300,Jamie Engesser
11,48,80,4000,Jamie Engesser
11,49,65,3100,Jamie Engesser
11,50,90,4200,Jamie Engesser
11,51,80,3800,Jamie Engesser
11,52,0,0,Jamie Engesser
12,1,49,2783,Paul Coddin
12,2,50,2505,Paul Coddin
12,3,51,2577,Paul Coddin
12,4,54,2743,Paul Coddin
12,5,47,2791,Paul Coddin
12,6,47,2702,Paul Coddin
12,7,52,2586,Paul Coddin
12,8,58,2676,Paul Coddin
12,9,46,2578,Paul Coddin
12,10,47,2605,Paul Coddin
12,11,56,2504,Paul Coddin
12,12,54,2600,Paul Coddin
12,13,46,2775,Paul Coddin
12,14,48,2665,Paul Coddin
12,15,45,2569,Paul Coddin
12,16,51,2736,Paul Coddin
12,17,54,2705,Paul Coddin
12,18,60,2742,Paul Coddin
12,19,53,2650,Paul Coddin
12,20,49,2501,Paul Coddin
12,21,58,2569,Paul Coddin
12,22,56,2778,Paul Coddin
12,23,45,2620,Paul Coddin
12,24,45,2534,Paul Coddin
12,25,57,2799,Paul Coddin
12,26,51,2623,Paul Coddin
12,27,47,2762,Paul Coddin
12,28,54,2673,Paul Coddin
12,29,50,2790,Paul Coddin
12,30,57,2789,Paul Coddin
12,31,53,2564,Paul Coddin
12,32,48,2702,Paul Coddin
12,33,51,2789,Paul Coddin
12,34,47,2700,Paul Coddin
12,35,50,2758,Paul Coddin
12,36,59,2741,Paul Coddin
12,37,56,2618,Paul Coddin
12,38,60,2540,Paul Coddin
12,39,56,2623,Paul Coddin
12,40,56,2676,Paul Coddin
12,41,46,2786,Paul Coddin
12,42,47,2730,Paul Coddin
12,43,54,2777,Paul Coddin
12,44,56,2764,Paul Coddin
12,45,58,2614,Paul Coddin
12,46,48,2557,Paul Coddin
12,47,56,2511,Paul Coddin
12,48,50,2725,Paul Coddin
12,49,53,2787,Paul Coddin
12,50,47,2553,Paul Coddin
12,51,51,2517,Paul Coddin
12,52,0,0,Paul Coddin
13,1,49,2643,Joe Niemiec
13,2,56,2553,Joe Niemiec
13,3,60,2539,Joe Niemiec
13,4,55,2553,Joe Niemiec
13,5,45,2762,Joe Niemiec
13,6,53,2699,Joe Niemiec
13,7,46,2519,Joe Niemiec
13,8,60,2719,Joe Niemiec
13,9,56,2760,Joe Niemiec
13,10,51,2731,Joe Niemiec
13,11,57,2671,Joe Niemiec
13,12,47,2604,Joe Niemiec
13,13,58,2510,Joe Niemiec
13,14,51,2649,Joe Niemiec
13,15,56,2559,Joe Niemiec
13,16,59,2604,Joe Niemiec
13,17,47,2613,Joe Niemiec
13,18,49,2585,Joe Niemiec
13,19,58,2749,Joe Niemiec
13,20,50,2756,Joe Niemiec
13,21,57,2596,Joe Niemiec
13,22,54,2517,Joe Niemiec
13,23,48,2554,Joe Niemiec
13,24,47,2576,Joe Niemiec
13,25,58,2528,Joe Niemiec
13,26,60,2765,Joe Niemiec
13,27,54,2689,Joe Niemiec
13,28,51,2739,Joe Niemiec
13,29,51,2698,Joe Niemiec
13,30,47,2739,Joe Niemiec
13,31,51,2546,Joe Niemiec
13,32,54,2647,Joe Niemiec
13,33,60,2504,Joe Niemiec
13,34,48,2536,Joe Niemiec
13,35,51,2602,Joe Niemiec
13,36,47,2651,Joe Niemiec
13,37,53,2545,Joe Niemiec
13,38,48,2665,Joe Niemiec
13,39,55,2670,Joe Niemiec
13,40,60,2524,Joe Niemiec
13,41,48,2612,Joe Niemiec
13,42,60,2712,Joe Niemiec
13,43,60,2583,Joe Niemiec
13,44,47,2773,Joe Niemiec
13,45,57,2589,Joe Niemiec
13,46,51,2512,Joe Niemiec
13,47,57,2607,Joe Niemiec
13,48,57,2576,Joe Niemiec
13,49,53,2604,Joe Niemiec
13,50,59,2702,Joe Niemiec
13,51,51,2687,Joe Niemiec
13,52,10,100,Joe Niemiec
14,1,58,2672,Adis Cesir
14,2,56,2722,Adis Cesir
14,3,49,2735,Adis Cesir
14,4,58,2639,Adis Cesir
14,5,51,2517,Adis Cesir
14,6,56,2790,Adis Cesir
14,7,45,2729,Adis Cesir
14,8,60,2560,Adis Cesir
14,9,58,2570,Adis Cesir
14,10,60,2599,Adis Cesir
14,11,45,2539,Adis Cesir
14,12,46,2704,Adis Cesir
14,13,50,2607,Adis Cesir
14,14,53,2559,Adis Cesir
14,15,54,2611,Adis Cesir
14,16,50,2598,Adis Cesir
14,17,54,2692,Adis Cesir
14,18,53,2679,Adis Cesir
14,19,55,2754,Adis Cesir
14,20,54,2642,Adis Cesir
14,21,60,2656,Adis Cesir
14,22,50,2709,Adis Cesir
14,23,53,2725,Adis Cesir
14,24,45,2543,Adis Cesir
14,25,53,2606,Adis Cesir
14,26,54,2512,Adis Cesir
14,27,52,2588,Adis Cesir
14,28,60,2554,Adis Cesir
14,29,56,2568,Adis Cesir
14,30,58,2633,Adis Cesir
14,31,60,2518,Adis Cesir
14,32,51,2576,Adis Cesir
14,33,56,2596,Adis Cesir
14,34,49,2611,Adis Cesir
14,35,46,2536,Adis Cesir
14,36,52,2629,Adis Cesir
14,37,58,2597,Adis Cesir
14,38,56,2521,Adis Cesir
14,39,47,2546,Adis Cesir
14,40,57,2643,Adis Cesir
14,41,58,2656,Adis Cesir
14,42,54,2555,Adis Cesir
14,43,57,2717,Adis Cesir
14,44,45,2551,Adis Cesir
14,45,57,2719,Adis Cesir
14,46,58,2646,Adis Cesir
14,47,50,2627,Adis Cesir
14,48,59,2712,Adis Cesir
14,49,47,2713,Adis Cesir
14,50,58,2674,Adis Cesir
14,51,46,2698,Adis Cesir
14,52,54,2571,Adis Cesir
15,1,55,2620,Rohit Bakshi
15,2,47,2577,Rohit Bakshi
15,3,58,2526,Rohit Bakshi
15,4,51,2701,Rohit Bakshi
15,5,60,2669,Rohit Bakshi
15,6,53,2751,Rohit Bakshi
15,7,56,2609,Rohit Bakshi
15,8,59,2640,Rohit Bakshi
15,9,48,2533,Rohit Bakshi
15,10,51,2656,Rohit Bakshi
15,11,50,2664,Rohit Bakshi
15,12,45,2747,Rohit Bakshi
15,13,55,2517,Rohit Bakshi
15,14,55,2502,Rohit Bakshi
15,15,49,2676,Rohit Bakshi
15,16,50,2727,Rohit Bakshi
15,17,45,2690,Rohit Bakshi
15,18,52,2570,Rohit Bakshi
15,19,51,2796,Rohit Bakshi
15,20,58,2582,Rohit Bakshi
15,21,54,2721,Rohit Bakshi
15,22,45,2738,Rohit Bakshi
15,23,52,2616,Rohit Bakshi
15,24,50,2598,Rohit Bakshi
15,25,57,2616,Rohit Bakshi
15,26,45,2693,Rohit Bakshi
15,27,45,2778,Rohit Bakshi
15,28,55,2746,Rohit Bakshi
15,29,57,2682,Rohit Bakshi
15,30,45,2529,Rohit Bakshi
15,31,58,2792,Rohit Bakshi
15,32,57,2717,Rohit Bakshi
15,33,53,2781,Rohit Bakshi
15,34,60,2746,Rohit Bakshi
15,35,50,2670,Rohit Bakshi
15,36,50,2578,Rohit Bakshi
15,37,49,2723,Rohit Bakshi
15,38,53,2646,Rohit Bakshi
15,39,48,2632,Rohit Bakshi
15,40,59,2642,Rohit Bakshi
15,41,53,2725,Rohit Bakshi
15,42,57,2685,Rohit Bakshi
15,43,57,2759,Rohit Bakshi
15,44,56,2689,Rohit Bakshi
15,45,46,2632,Rohit Bakshi
15,46,53,2652,Rohit Bakshi
15,47,60,2699,Rohit Bakshi
15,48,52,2641,Rohit Bakshi
15,49,49,2730,Rohit Bakshi
15,50,54,2635,Rohit Bakshi
15,51,57,2773,Rohit Bakshi
15,52,50,2733,Rohit Bakshi
16,1,48,2693,Tom McCuch
16,2,53,2535,Tom McCuch
16,3,53,2509,Tom McCuch
16,4,45,2654,Tom McCuch
16,5,58,2761,Tom McCuch
16,6,49,2613,Tom McCuch
16,7,46,2585,Tom McCuch
16,8,59,2718,Tom McCuch
16,9,58,2786,Tom McCuch
16,10,55,2744,Tom McCuch
16,11,45,2579,Tom McCuch
16,12,58,2543,Tom McCuch
16,13,54,2542,Tom McCuch
16,14,53,2752,Tom McCuch
16,15,57,2741,Tom McCuch
16,16,45,2555,Tom McCuch
16,17,52,2687,Tom McCuch
16,18,55,2605,Tom McCuch
16,19,57,2596,Tom McCuch
16,20,49,2800,Tom McCuch
16,21,48,2588,Tom McCuch
16,22,48,2546,Tom McCuch
16,23,58,2539,Tom McCuch
16,24,51,2743,Tom McCuch
16,25,58,2516,Tom McCuch
16,26,59,2717,Tom McCuch
16,27,60,2510,Tom McCuch
16,28,59,2674,Tom McCuch
16,29,51,2582,Tom McCuch
16,30,53,2799,Tom McCuch
16,31,45,2688,Tom McCuch
16,32,59,2521,Tom McCuch
16,33,56,2506,Tom McCuch
16,34,49,2720,Tom McCuch
16,35,45,2539,Tom McCuch
16,36,54,2679,Tom McCuch
16,37,46,2539,Tom McCuch
16,38,51,2630,Tom McCuch
16,39,50,2739,Tom McCuch
16,40,53,2544,Tom McCuch
16,41,45,2740,Tom McCuch
16,42,52,2726,Tom McCuch
16,43,54,2569,Tom McCuch
16,44,56,2724,Tom McCuch
16,45,58,2560,Tom McCuch
16,46,59,2676,Tom McCuch
16,47,52,2670,Tom McCuch
16,48,52,2660,Tom McCuch
16,49,58,2741,Tom McCuch
16,50,57,2519,Tom McCuch
16,51,53,2604,Tom McCuch
16,52,48,2699,Tom McCuch
17,1,57,2751,Eric Mizell
17,2,55,2574,Eric Mizell
17,3,51,2734,Eric Mizell
17,4,57,2739,Eric Mizell
17,5,48,2580,Eric Mizell
17,6,47,2571,Eric Mizell
17,7,47,2556,Eric Mizell
17,8,45,2716,Eric Mizell
17,9,52,2765,Eric Mizell
17,10,56,2769,Eric Mizell
17,11,55,2623,Eric Mizell
17,12,46,2768,Eric Mizell
17,13,52,2689,Eric Mizell
17,14,49,2789,Eric Mizell
17,15,52,2575,Eric Mizell
17,16,59,2564,Eric Mizell
17,17,52,2742,Eric Mizell
17,18,48,2522,Eric Mizell
17,19,52,2767,Eric Mizell
17,20,45,2631,Eric Mizell
17,21,54,2649,Eric Mizell
17,22,57,2507,Eric Mizell
17,23,57,2550,Eric Mizell
17,24,50,2567,Eric Mizell
17,25,50,2665,Eric Mizell
17,26,46,2695,Eric Mizell
17,27,60,2774,Eric Mizell
17,28,51,2774,Eric Mizell
17,29,56,2502,Eric Mizell
17,30,51,2623,Eric Mizell
17,31,60,2790,Eric Mizell
17,32,47,2747,Eric Mizell
17,33,59,2666,Eric Mizell
17,34,57,2556,Eric Mizell
17,35,56,2597,Eric Mizell
17,36,47,2783,Eric Mizell
17,37,50,2755,Eric Mizell
17,38,48,2594,Eric Mizell
17,39,53,2611,Eric Mizell
17,40,52,2598,Eric Mizell
17,41,53,2672,Eric Mizell
17,42,58,2733,Eric Mizell
17,43,55,2561,Eric Mizell
17,44,60,2577,Eric Mizell
17,45,56,2555,Eric Mizell
17,46,57,2694,Eric Mizell
17,47,56,2588,Eric Mizell
17,48,49,2711,Eric Mizell
17,49,51,2709,Eric Mizell
17,50,54,2587,Eric Mizell
17,51,46,2677,Eric Mizell
17,52,20,500,Eric Mizell
18,1,45,2715,Grant Liu
18,2,47,2628,Grant Liu
18,3,55,2501,Grant Liu
18,4,51,2707,Grant Liu
18,5,51,2769,Grant Liu
18,6,51,2791,Grant Liu
18,7,54,2604,Grant Liu
18,8,59,2712,Grant Liu
18,9,46,2626,Grant Liu
18,10,46,2617,Grant Liu
18,11,46,2599,Grant Liu
18,12,52,2731,Grant Liu
18,13,57,2515,Grant Liu
18,14,50,2605,Grant Liu
18,15,59,2622,Grant Liu
18,16,46,2517,Grant Liu
18,17,48,2659,Grant Liu
18,18,49,2690,Grant Liu
18,19,56,2519,Grant Liu
18,20,54,2588,Grant Liu
18,21,56,2748,Grant Liu
18,22,49,2557,Grant Liu
18,23,48,2686,Grant Liu
18,24,53,2684,Grant Liu
18,25,48,2626,Grant Liu
18,26,49,2540,Grant Liu
18,27,45,2527,Grant Liu
18,28,48,2709,Grant Liu
18,29,45,2790,Grant Liu
18,30,54,2738,Grant Liu
18,31,55,2510,Grant Liu
18,32,60,2695,Grant Liu
18,33,54,2564,Grant Liu
18,34,53,2778,Grant Liu
18,35,49,2587,Grant Liu
18,36,58,2748,Grant Liu
18,37,52,2609,Grant Liu
18,38,53,2530,Grant Liu
18,39,50,2723,Grant Liu
18,40,56,2799,Grant Liu
18,41,47,2767,Grant Liu
18,42,52,2669,Grant Liu
18,43,50,2634,Grant Liu
18,44,51,2643,Grant Liu
18,45,48,2783,Grant Liu
18,46,48,2724,Grant Liu
18,47,51,2775,Grant Liu
18,48,54,2523,Grant Liu
18,49,46,2569,Grant Liu
18,50,45,2579,Grant Liu
18,51,49,2796,Grant Liu
18,52,56,2509,Grant Liu
19,1,48,2559,Ajay Singh
19,2,46,2521,Ajay Singh
19,3,45,2632,Ajay Singh
19,4,59,2745,Ajay Singh
19,5,45,2681,Ajay Singh
19,6,54,2609,Ajay Singh
19,7,49,2768,Ajay Singh
19,8,52,2576,Ajay Singh
19,9,54,2555,Ajay Singh
19,10,55,2569,Ajay Singh
19,11,48,2608,Ajay Singh
19,12,48,2785,Ajay Singh
19,13,48,2587,Ajay Singh
19,14,60,2705,Ajay Singh
19,15,60,2771,Ajay Singh
19,16,52,2572,Ajay Singh
19,17,55,2532,Ajay Singh
19,18,59,2658,Ajay Singh
19,19,60,2667,Ajay Singh
19,20,53,2549,Ajay Singh
19,21,49,2736,Ajay Singh
19,22,55,2567,Ajay Singh
19,23,60,2718,Ajay Singh
19,24,54,2500,Ajay Singh
19,25,47,2774,Ajay Singh
19,26,58,2741,Ajay Singh
19,27,49,2746,Ajay Singh
19,28,56,2787,Ajay Singh
19,29,54,2594,Ajay Singh
19,30,55,2724,Ajay Singh
19,31,55,2609,Ajay Singh
19,32,46,2641,Ajay Singh
19,33,58,2670,Ajay Singh
19,34,47,2580,Ajay Singh
19,35,48,2766,Ajay Singh
19,36,60,2757,Ajay Singh
19,37,46,2686,Ajay Singh
19,38,59,2686,Ajay Singh
19,39,60,2551,Ajay Singh
19,40,53,2672,Ajay Singh
19,41,55,2595,Ajay Singh
19,42,45,2534,Ajay Singh
19,43,49,2721,Ajay Singh
19,44,45,2654,Ajay Singh
19,45,55,2746,Ajay Singh
19,46,50,2599,Ajay Singh
19,47,47,2736,Ajay Singh
19,48,58,2699,Ajay Singh
19,49,53,2585,Ajay Singh
19,50,53,2800,Ajay Singh
19,51,58,2533,Ajay Singh
19,52,51,2612,Ajay Singh
20,1,47,2563,Chris Harris
20,2,50,2622,Chris Harris
20,3,47,2771,Chris Harris
20,4,50,2578,Chris Harris
20,5,51,2636,Chris Harris
20,6,52,2682,Chris Harris
20,7,56,2652,Chris Harris
20,8,55,2650,Chris Harris
20,9,57,2748,Chris Harris
20,10,47,2517,Chris Harris
20,11,58,2585,Chris Harris
20,12,51,2552,Chris Harris
20,13,56,2680,Chris Harris
20,14,45,2649,Chris Harris
20,15,55,2708,Chris Harris
20,16,48,2517,Chris Harris
20,17,60,2715,Chris Harris
20,18,53,2707,Chris Harris
20,19,46,2662,Chris Harris
20,20,58,2538,Chris Harris
20,21,56,2790,Chris Harris
20,22,54,2697,Chris Harris
20,23,47,2660,Chris Harris
20,24,49,2592,Chris Harris
20,25,59,2651,Chris Harris
20,26,47,2747,Chris Harris
20,27,47,2642,Chris Harris
20,28,46,2603,Chris Harris
20,29,49,2547,Chris Harris
20,30,48,2599,Chris Harris
20,31,47,2513,Chris Harris
20,32,60,2546,Chris Harris
20,33,53,2723,Chris Harris
20,34,55,2567,Chris Harris
20,35,54,2683,Chris Harris
20,36,48,2594,Chris Harris
20,37,57,2532,Chris Harris
20,38,50,2629,Chris Harris
20,39,47,2750,Chris Harris
20,40,55,2794,Chris Harris
20,41,45,2782,Chris Harris
20,42,55,2628,Chris Harris
20,43,54,2739,Chris Harris
20,44,53,2593,Chris Harris
20,45,54,2575,Chris Harris
20,46,58,2588,Chris Harris
20,47,47,2519,Chris Harris
20,48,57,2527,Chris Harris
20,49,51,2738,Chris Harris
20,50,47,2645,Chris Harris
20,51,53,2639,Chris Harris
20,52,0,0,Chris Harris
21,1,46,2690,Jeff Markham
21,2,54,2651,Jeff Markham
21,3,58,2598,Jeff Markham
21,4,48,2692,Jeff Markham
21,5,60,2778,Jeff Markham
21,6,45,2541,Jeff Markham
21,7,55,2503,Jeff Markham
21,8,50,2750,Jeff Markham
21,9,59,2528,Jeff Markham
21,10,50,2758,Jeff Markham
21,11,48,2551,Jeff Markham
21,12,48,2639,Jeff Markham
21,13,53,2531,Jeff Markham
21,14,54,2586,Jeff Markham
21,15,53,2514,Jeff Markham
21,16,60,2709,Jeff Markham
21,17,60,2717,Jeff Markham
21,18,48,2762,Jeff Markham
21,19,48,2798,Jeff Markham
21,20,56,2793,Jeff Markham
21,21,52,2773,Jeff Markham
21,22,56,2788,Jeff Markham
21,23,51,2601,Jeff Markham
21,24,54,2787,Jeff Markham
21,25,51,2632,Jeff Markham
21,26,50,2561,Jeff Markham
21,27,51,2691,Jeff Markham
21,28,47,2624,Jeff Markham
21,29,53,2679,Jeff Markham
21,30,53,2582,Jeff Markham
21,31,53,2701,Jeff Markham
21,32,48,2615,Jeff Markham
21,33,52,2633,Jeff Markham
21,34,56,2548,Jeff Markham
21,35,52,2779,Jeff Markham
21,36,59,2739,Jeff Markham
21,37,54,2734,Jeff Markham
21,38,58,2746,Jeff Markham
21,39,45,2764,Jeff Markham
21,40,58,2681,Jeff Markham
21,41,55,2666,Jeff Markham
21,42,56,2748,Jeff Markham
21,43,60,2529,Jeff Markham
21,44,46,2770,Jeff Markham
21,45,46,2659,Jeff Markham
21,46,59,2721,Jeff Markham
21,47,51,2506,Jeff Markham
21,48,46,2792,Jeff Markham
21,49,55,2698,Jeff Markham
21,50,59,2594,Jeff Markham
21,51,55,2543,Jeff Markham
21,52,57,2746,Jeff Markham
22,1,57,2604,Nadeem Asghar
22,2,51,2791,Nadeem Asghar
22,3,56,2723,Nadeem Asghar
22,4,46,2726,Nadeem Asghar
22,5,50,2521,Nadeem Asghar
22,6,55,2729,Nadeem Asghar
22,7,47,2753,Nadeem Asghar
22,8,52,2723,Nadeem Asghar
22,9,49,2798,Nadeem Asghar
22,10,54,2617,Nadeem Asghar
22,11,53,2538,Nadeem Asghar
22,12,49,2591,Nadeem Asghar
22,13,58,2602,Nadeem Asghar
22,14,47,2579,Nadeem Asghar
22,15,56,2749,Nadeem Asghar
22,16,57,2751,Nadeem Asghar
22,17,53,2650,Nadeem Asghar
22,18,48,2652,Nadeem Asghar
22,19,51,2645,Nadeem Asghar
22,20,47,2529,Nadeem Asghar
22,21,52,2582,Nadeem Asghar
22,22,57,2591,Nadeem Asghar
22,23,51,2605,Nadeem Asghar
22,24,56,2605,Nadeem Asghar
22,25,59,2589,Nadeem Asghar
22,26,58,2641,Nadeem Asghar
22,27,59,2517,Nadeem Asghar
22,28,48,2583,Nadeem Asghar
22,29,55,2795,Nadeem Asghar
22,30,52,2767,Nadeem Asghar
22,31,49,2522,Nadeem Asghar
22,32,49,2618,Nadeem Asghar
22,33,45,2740,Nadeem Asghar
22,34,56,2779,Nadeem Asghar
22,35,53,2600,Nadeem Asghar
22,36,59,2658,Nadeem Asghar
22,37,54,2680,Nadeem Asghar
22,38,48,2629,Nadeem Asghar
22,39,55,2758,Nadeem Asghar
22,40,56,2594,Nadeem Asghar
22,41,47,2562,Nadeem Asghar
22,42,45,2614,Nadeem Asghar
22,43,60,2744,Nadeem Asghar
22,44,48,2525,Nadeem Asghar
22,45,57,2530,Nadeem Asghar
22,46,60,2504,Nadeem Asghar
22,47,57,2624,Nadeem Asghar
22,48,45,2736,Nadeem Asghar
22,49,53,2500,Nadeem Asghar
22,50,47,2628,Nadeem Asghar
22,51,53,2798,Nadeem Asghar
22,52,54,2661,Nadeem Asghar
23,1,48,2732,Adam Diaz
23,2,46,2521,Adam Diaz
23,3,58,2672,Adam Diaz
23,4,48,2626,Adam Diaz
23,5,53,2503,Adam Diaz
23,6,47,2609,Adam Diaz
23,7,59,2614,Adam Diaz
23,8,58,2562,Adam Diaz
23,9,55,2722,Adam Diaz
23,10,60,2559,Adam Diaz
23,11,56,2612,Adam Diaz
23,12,52,2676,Adam Diaz
23,13,54,2572,Adam Diaz
23,14,46,2683,Adam Diaz
23,15,51,2664,Adam Diaz
23,16,58,2758,Adam Diaz
23,17,53,2697,Adam Diaz
23,18,50,2727,Adam Diaz
23,19,57,2670,Adam Diaz
23,20,57,2752,Adam Diaz
23,21,46,2540,Adam Diaz
23,22,60,2708,Adam Diaz
23,23,50,2554,Adam Diaz
23,24,50,2532,Adam Diaz
23,25,49,2524,Adam Diaz
23,26,46,2739,Adam Diaz
23,27,58,2729,Adam Diaz
23,28,59,2665,Adam Diaz
23,29,58,2679,Adam Diaz
23,30,58,2739,Adam Diaz
23,31,57,2607,Adam Diaz
23,32,60,2783,Adam Diaz
23,33,52,2710,Adam Diaz
23,34,45,2620,Adam Diaz
23,35,56,2718,Adam Diaz
23,36,49,2611,Adam Diaz
23,37,54,2676,Adam Diaz
23,38,52,2606,Adam Diaz
23,39,48,2796,Adam Diaz
23,40,55,2524,Adam Diaz
23,41,54,2749,Adam Diaz
23,42,52,2792,Adam Diaz
23,43,59,2703,Adam Diaz
23,44,50,2674,Adam Diaz
23,45,49,2548,Adam Diaz
23,46,52,2523,Adam Diaz
23,47,52,2734,Adam Diaz
23,48,48,2565,Adam Diaz
23,49,55,2791,Adam Diaz
23,50,58,2522,Adam Diaz
23,51,47,2762,Adam Diaz
23,52,46,2626,Adam Diaz
24,1,56,2647,Don Hilborn
24,2,46,2605,Don Hilborn
24,3,51,2544,Don Hilborn
24,4,54,2712,Don Hilborn
24,5,54,2582,Don Hilborn
24,6,50,2558,Don Hilborn
24,7,49,2623,Don Hilborn
24,8,49,2607,Don Hilborn
24,9,50,2528,Don Hilborn
24,10,54,2759,Don Hilborn
24,11,56,2514,Don Hilborn
24,12,49,2656,Don Hilborn
24,13,57,2764,Don Hilborn
24,14,50,2568,Don Hilborn
24,15,51,2510,Don Hilborn
24,16,57,2505,Don Hilborn
24,17,51,2689,Don Hilborn
24,18,52,2743,Don Hilborn
24,19,45,2745,Don Hilborn
24,20,51,2622,Don Hilborn
24,21,54,2696,Don Hilborn
24,22,49,2572,Don Hilborn
24,23,52,2761,Don Hilborn
24,24,54,2787,Don Hilborn
24,25,54,2567,Don Hilborn
24,26,60,2793,Don Hilborn
24,27,58,2719,Don Hilborn
24,28,45,2587,Don Hilborn
24,29,56,2571,Don Hilborn
24,30,45,2560,Don Hilborn
24,31,60,2640,Don Hilborn
24,32,55,2504,Don Hilborn
24,33,50,2675,Don Hilborn
24,34,46,2526,Don Hilborn
24,35,49,2596,Don Hilborn
24,36,49,2598,Don Hilborn
24,37,56,2616,Don Hilborn
24,38,57,2716,Don Hilborn
24,39,58,2555,Don Hilborn
24,40,49,2623,Don Hilborn
24,41,45,2658,Don Hilborn
24,42,50,2652,Don Hilborn
24,43,45,2606,Don Hilborn
24,44,51,2661,Don Hilborn
24,45,49,2709,Don Hilborn
24,46,60,2747,Don Hilborn
24,47,57,2691,Don Hilborn
24,48,50,2758,Don Hilborn
24,49,55,2504,Don Hilborn
24,50,45,2728,Don Hilborn
24,51,52,2604,Don Hilborn
24,52,0,0,Don Hilborn
25,1,59,2757,Jean-Philippe Playe
25,2,53,2687,Jean-Philippe Playe
25,3,59,2546,Jean-Philippe Playe
25,4,48,2672,Jean-Philippe Playe
25,5,56,2691,Jean-Philippe Playe
25,6,45,2743,Jean-Philippe Playe
25,7,60,2651,Jean-Philippe Playe
25,8,52,2628,Jean-Philippe Playe
25,9,49,2772,Jean-Philippe Playe
25,10,57,2757,Jean-Philippe Playe
25,11,54,2578,Jean-Philippe Playe
25,12,55,2691,Jean-Philippe Playe
25,13,57,2667,Jean-Philippe Playe
25,14,50,2746,Jean-Philippe Playe
25,15,50,2613,Jean-Philippe Playe
25,16,57,2599,Jean-Philippe Playe
25,17,47,2564,Jean-Philippe Playe
25,18,57,2664,Jean-Philippe Playe
25,19,50,2697,Jean-Philippe Playe
25,20,49,2743,Jean-Philippe Playe
25,21,52,2702,Jean-Philippe Playe
25,22,60,2763,Jean-Philippe Playe
25,23,51,2735,Jean-Philippe Playe
25,24,54,2795,Jean-Philippe Playe
25,25,50,2711,Jean-Philippe Playe
25,26,49,2555,Jean-Philippe Playe
25,27,53,2623,Jean-Philippe Playe
25,28,54,2593,Jean-Philippe Playe
25,29,53,2782,Jean-Philippe Playe
25,30,54,2655,Jean-Philippe Playe
25,31,45,2508,Jean-Philippe Playe
25,32,49,2555,Jean-Philippe Playe
25,33,46,2657,Jean-Philippe Playe
25,34,60,2800,Jean-Philippe Playe
25,35,55,2728,Jean-Philippe Playe
25,36,50,2660,Jean-Philippe Playe
25,37,51,2767,Jean-Philippe Playe
25,38,59,2795,Jean-Philippe Playe
25,39,50,2780,Jean-Philippe Playe
25,40,47,2552,Jean-Philippe Playe
25,41,53,2738,Jean-Philippe Playe
25,42,57,2552,Jean-Philippe Playe
25,43,45,2652,Jean-Philippe Playe
25,44,47,2775,Jean-Philippe Playe
25,45,53,2653,Jean-Philippe Playe
25,46,48,2750,Jean-Philippe Playe
25,47,58,2691,Jean-Philippe Playe
25,48,54,2510,Jean-Philippe Playe
25,49,56,2620,Jean-Philippe Playe
25,50,47,2696,Jean-Philippe Playe
25,51,50,2721,Jean-Philippe Playe
25,52,49,2640,Jean-Philippe Playe
26,1,55,2583,Michael Aube
26,2,46,2543,Michael Aube
26,3,59,2513,Michael Aube
26,4,51,2635,Michael Aube
26,5,52,2717,Michael Aube
26,6,50,2615,Michael Aube
26,7,60,2720,Michael Aube
26,8,50,2577,Michael Aube
26,9,57,2710,Michael Aube
26,10,59,2684,Michael Aube
26,11,45,2545,Michael Aube
26,12,60,2598,Michael Aube
26,13,57,2650,Michael Aube
26,14,51,2621,Michael Aube
26,15,53,2783,Michael Aube
26,16,49,2538,Michael Aube
26,17,49,2621,Michael Aube
26,18,57,2668,Michael Aube
26,19,50,2622,Michael Aube
26,20,48,2766,Michael Aube
26,21,60,2764,Michael Aube
26,22,47,2644,Michael Aube
26,23,53,2665,Michael Aube
26,24,47,2502,Michael Aube
26,25,46,2520,Michael Aube
26,26,57,2679,Michael Aube
26,27,59,2627,Michael Aube
26,28,45,2639,Michael Aube
26,29,55,2776,Michael Aube
26,30,47,2780,Michael Aube
26,31,47,2531,Michael Aube
26,32,58,2767,Michael Aube
26,33,46,2706,Michael Aube
26,34,46,2518,Michael Aube
26,35,56,2544,Michael Aube
26,36,58,2578,Michael Aube
26,37,60,2567,Michael Aube
26,38,53,2633,Michael Aube
26,39,50,2572,Michael Aube
26,40,55,2769,Michael Aube
26,41,58,2733,Michael Aube
26,42,52,2588,Michael Aube
26,43,46,2743,Michael Aube
26,44,58,2751,Michael Aube
26,45,54,2575,Michael Aube
26,46,52,2646,Michael Aube
26,47,55,2657,Michael Aube
26,48,49,2599,Michael Aube
26,49,48,2782,Michael Aube
26,50,48,2627,Michael Aube
26,51,58,2603,Michael Aube
26,52,49,2736,Michael Aube
27,1,49,2516,Mark Lochbihler
27,2,57,2682,Mark Lochbihler
27,3,53,2632,Mark Lochbihler
27,4,57,2729,Mark Lochbihler
27,5,55,2606,Mark Lochbihler
27,6,58,2726,Mark Lochbihler
27,7,52,2634,Mark Lochbihler
27,8,52,2604,Mark Lochbihler
27,9,58,2747,Mark Lochbihler
27,10,60,2653,Mark Lochbihler
27,11,52,2631,Mark Lochbihler
27,12,46,2641,Mark Lochbihler
27,13,51,2726,Mark Lochbihler
27,14,52,2638,Mark Lochbihler
27,15,51,2676,Mark Lochbihler
27,16,45,2573,Mark Lochbihler
27,17,48,2577,Mark Lochbihler
27,18,54,2608,Mark Lochbihler
27,19,59,2584,Mark Lochbihler
27,20,59,2800,Mark Lochbihler
27,21,45,2708,Mark Lochbihler
27,22,53,2761,Mark Lochbihler
27,23,58,2610,Mark Lochbihler
27,24,45,2655,Mark Lochbihler
27,25,55,2573,Mark Lochbihler
27,26,47,2545,Mark Lochbihler
27,27,47,2751,Mark Lochbihler
27,28,58,2772,Mark Lochbihler
27,29,60,2775,Mark Lochbihler
27,30,54,2678,Mark Lochbihler
27,31,51,2637,Mark Lochbihler
27,32,55,2683,Mark Lochbihler
27,33,60,2645,Mark Lochbihler
27,34,56,2774,Mark Lochbihler
27,35,45,2679,Mark Lochbihler
27,36,48,2616,Mark Lochbihler
27,37,56,2680,Mark Lochbihler
27,38,52,2777,Mark Lochbihler
27,39,56,2500,Mark Lochbihler
27,40,59,2726,Mark Lochbihler
27,41,54,2632,Mark Lochbihler
27,42,54,2604,Mark Lochbihler
27,43,48,2772,Mark Lochbihler
27,44,51,2646,Mark Lochbihler
27,45,53,2633,Mark Lochbihler
27,46,52,2512,Mark Lochbihler
27,47,60,2520,Mark Lochbihler
27,48,56,2550,Mark Lochbihler
27,49,51,2769,Mark Lochbihler
27,50,51,2613,Mark Lochbihler
27,51,59,2542,Mark Lochbihler
27,52,54,2601,Mark Lochbihler
28,1,45,2705,Olivier Renault
28,2,49,2527,Olivier Renault
28,3,55,2540,Olivier Renault
28,4,51,2723,Olivier Renault
28,5,56,2688,Olivier Renault
28,6,55,2769,Olivier Renault
28,7,48,2590,Olivier Renault
28,8,57,2717,Olivier Renault
28,9,60,2655,Olivier Renault
28,10,53,2652,Olivier Renault
28,11,56,2755,Olivier Renault
28,12,50,2727,Olivier Renault
28,13,57,2699,Olivier Renault
28,14,46,2758,Olivier Renault
28,15,55,2727,Olivier Renault
28,16,54,2626,Olivier Renault
28,17,55,2501,Olivier Renault
28,18,56,2601,Olivier Renault
28,19,48,2748,Olivier Renault
28,20,47,2533,Olivier Renault
28,21,57,2547,Olivier Renault
28,22,50,2503,Olivier Renault
28,23,46,2601,Olivier Renault
28,24,49,2531,Olivier Renault
28,25,57,2576,Olivier Renault
28,26,56,2614,Olivier Renault
28,27,51,2787,Olivier Renault
28,28,57,2617,Olivier Renault
28,29,51,2601,Olivier Renault
28,30,59,2529,Olivier Renault
28,31,50,2615,Olivier Renault
28,32,48,2745,Olivier Renault
28,33,50,2767,Olivier Renault
28,34,46,2763,Olivier Renault
28,35,53,2596,Olivier Renault
28,36,55,2793,Olivier Renault
28,37,57,2511,Olivier Renault
28,38,53,2633,Olivier Renault
28,39,48,2577,Olivier Renault
28,40,54,2567,Olivier Renault
28,41,49,2707,Olivier Renault
28,42,47,2790,Olivier Renault
28,43,53,2541,Olivier Renault
28,44,59,2691,Olivier Renault
28,45,58,2538,Olivier Renault
28,46,51,2754,Olivier Renault
28,47,50,2549,Olivier Renault
28,48,48,2543,Olivier Renault
28,49,52,2749,Olivier Renault
28,50,58,2609,Olivier Renault
28,51,47,2523,Olivier Renault
28,52,51,2761,Olivier Renault
29,1,60,2669,Teddy Choi
29,2,58,2753,Teddy Choi
29,3,50,2713,Teddy Choi
29,4,52,2584,Teddy Choi
29,5,45,2661,Teddy Choi
29,6,45,2605,Teddy Choi
29,7,45,2543,Teddy Choi
29,8,60,2768,Teddy Choi
29,9,47,2607,Teddy Choi
29,10,56,2694,Teddy Choi
29,11,56,2663,Teddy Choi
29,12,47,2698,Teddy Choi
29,13,48,2751,Teddy Choi
29,14,52,2578,Teddy Choi
29,15,60,2779,Teddy Choi
29,16,54,2703,Teddy Choi
29,17,56,2782,Teddy Choi
29,18,60,2597,Teddy Choi
29,19,52,2678,Teddy Choi
29,20,48,2739,Teddy Choi
29,21,51,2571,Teddy Choi
29,22,50,2796,Teddy Choi
29,23,54,2719,Teddy Choi
29,24,48,2705,Teddy Choi
29,25,51,2593,Teddy Choi
29,26,52,2622,Teddy Choi
29,27,49,2748,Teddy Choi
29,28,46,2663,Teddy Choi
29,29,55,2558,Teddy Choi
29,30,56,2560,Teddy Choi
29,31,51,2759,Teddy Choi
29,32,60,2798,Teddy Choi
29,33,46,2687,Teddy Choi
29,34,55,2776,Teddy Choi
29,35,52,2522,Teddy Choi
29,36,48,2514,Teddy Choi
29,37,56,2535,Teddy Choi
29,38,48,2529,Teddy Choi
29,39,46,2532,Teddy Choi
29,40,46,2731,Teddy Choi
29,41,60,2682,Teddy Choi
29,42,58,2787,Teddy Choi
29,43,60,2535,Teddy Choi
29,44,58,2666,Teddy Choi
29,45,53,2555,Teddy Choi
29,46,60,2717,Teddy Choi
29,47,57,2689,Teddy Choi
29,48,50,2670,Teddy Choi
29,49,59,2607,Teddy Choi
29,50,60,2630,Teddy Choi
29,51,59,2696,Teddy Choi
29,52,55,2538,Teddy Choi
30,1,51,2589,Dan Rice
30,2,59,2787,Dan Rice
30,3,48,2696,Dan Rice
30,4,48,2765,Dan Rice
30,5,53,2708,Dan Rice
30,6,48,2643,Dan Rice
30,7,60,2604,Dan Rice
30,8,60,2688,Dan Rice
30,9,59,2594,Dan Rice
30,10,46,2609,Dan Rice
30,11,48,2678,Dan Rice
30,12,56,2728,Dan Rice
30,13,58,2532,Dan Rice
30,14,51,2718,Dan Rice
30,15,57,2653,Dan Rice
30,16,58,2500,Dan Rice
30,17,54,2596,Dan Rice
30,18,58,2537,Dan Rice
30,19,56,2619,Dan Rice
30,20,55,2799,Dan Rice
30,21,59,2520,Dan Rice
30,22,60,2583,Dan Rice
30,23,45,2707,Dan Rice
30,24,55,2743,Dan Rice
30,25,47,2647,Dan Rice
30,26,60,2566,Dan Rice
30,27,55,2704,Dan Rice
30,28,56,2753,Dan Rice
30,29,50,2511,Dan Rice
30,30,60,2511,Dan Rice
30,31,45,2557,Dan Rice
30,32,48,2658,Dan Rice
30,33,54,2769,Dan Rice
30,34,52,2791,Dan Rice
30,35,48,2591,Dan Rice
30,36,54,2751,Dan Rice
30,37,50,2612,Dan Rice
30,38,45,2783,Dan Rice
30,39,51,2525,Dan Rice
30,40,58,2545,Dan Rice
30,41,57,2535,Dan Rice
30,42,54,2578,Dan Rice
30,43,55,2675,Dan Rice
30,44,48,2594,Dan Rice
30,45,56,2660,Dan Rice
30,46,45,2605,Dan Rice
30,47,50,2542,Dan Rice
30,48,59,2767,Dan Rice
30,49,53,2633,Dan Rice
30,50,55,2559,Dan Rice
30,51,49,2753,Dan Rice
30,52,57,2702,Dan Rice
31,1,47,2530,Rommel Garcia
31,2,49,2668,Rommel Garcia
31,3,47,2540,Rommel Garcia
31,4,52,2592,Rommel Garcia
31,5,57,2533,Rommel Garcia
31,6,50,2679,Rommel Garcia
31,7,45,2528,Rommel Garcia
31,8,49,2784,Rommel Garcia
31,9,55,2502,Rommel Garcia
31,10,55,2635,Rommel Garcia
31,11,59,2736,Rommel Garcia
31,12,49,2701,Rommel Garcia
31,13,54,2539,Rommel Garcia
31,14,49,2768,Rommel Garcia
31,15,51,2726,Rommel Garcia
31,16,60,2653,Rommel Garcia
31,17,59,2735,Rommel Garcia
31,18,45,2597,Rommel Garcia
31,19,52,2546,Rommel Garcia
31,20,54,2517,Rommel Garcia
31,21,47,2724,Rommel Garcia
31,22,52,2679,Rommel Garcia
31,23,48,2614,Rommel Garcia
31,24,45,2688,Rommel Garcia
31,25,58,2679,Rommel Garcia
31,26,50,2714,Rommel Garcia
31,27,59,2568,Rommel Garcia
31,28,50,2525,Rommel Garcia
31,29,55,2667,Rommel Garcia
31,30,47,2526,Rommel Garcia
31,31,57,2521,Rommel Garcia
31,32,47,2525,Rommel Garcia
31,33,47,2797,Rommel Garcia
31,34,55,2650,Rommel Garcia
31,35,54,2766,Rommel Garcia
31,36,60,2516,Rommel Garcia
31,37,46,2512,Rommel Garcia
31,38,54,2636,Rommel Garcia
31,39,47,2777,Rommel Garcia
31,40,59,2512,Rommel Garcia
31,41,59,2713,Rommel Garcia
31,42,45,2757,Rommel Garcia
31,43,48,2569,Rommel Garcia
31,44,48,2654,Rommel Garcia
31,45,55,2744,Rommel Garcia
31,46,45,2744,Rommel Garcia
31,47,57,2522,Rommel Garcia
31,48,53,2740,Rommel Garcia
31,49,58,2623,Rommel Garcia
31,50,48,2662,Rommel Garcia
31,51,59,2563,Rommel Garcia
31,52,54,2661,Rommel Garcia
32,1,47,2602,Ryan Templeton
32,2,56,2662,Ryan Templeton
32,3,45,2650,Ryan Templeton
32,4,56,2678,Ryan Templeton
32,5,49,2683,Ryan Templeton
32,6,51,2520,Ryan Templeton
32,7,54,2555,Ryan Templeton
32,8,56,2680,Ryan Templeton
32,9,56,2598,Ryan Templeton
32,10,58,2698,Ryan Templeton
32,11,49,2520,Ryan Templeton
32,12,55,2564,Ryan Templeton
32,13,59,2614,Ryan Templeton
32,14,58,2521,Ryan Templeton
32,15,60,2714,Ryan Templeton
32,16,45,2773,Ryan Templeton
32,17,50,2643,Ryan Templeton
32,18,60,2508,Ryan Templeton
32,19,60,2520,Ryan Templeton
32,20,48,2724,Ryan Templeton
32,21,51,2648,Ryan Templeton
32,22,53,2731,Ryan Templeton
32,23,52,2524,Ryan Templeton
32,24,45,2565,Ryan Templeton
32,25,54,2733,Ryan Templeton
32,26,51,2596,Ryan Templeton
32,27,58,2526,Ryan Templeton
32,28,57,2551,Ryan Templeton
32,29,58,2625,Ryan Templeton
32,30,54,2789,Ryan Templeton
32,31,55,2537,Ryan Templeton
32,32,47,2791,Ryan Templeton
32,33,48,2699,Ryan Templeton
32,34,45,2677,Ryan Templeton
32,35,54,2776,Ryan Templeton
32,36,53,2703,Ryan Templeton
32,37,53,2578,Ryan Templeton
32,38,46,2751,Ryan Templeton
32,39,54,2723,Ryan Templeton
32,40,52,2705,Ryan Templeton
32,41,52,2758,Ryan Templeton
32,42,45,2740,Ryan Templeton
32,43,55,2656,Ryan Templeton
32,44,58,2555,Ryan Templeton
32,45,54,2665,Ryan Templeton
32,46,53,2621,Ryan Templeton
32,47,46,2562,Ryan Templeton
32,48,49,2664,Ryan Templeton
32,49,55,2501,Ryan Templeton
32,50,56,2643,Ryan Templeton
32,51,53,2661,Ryan Templeton
32,52,48,2741,Ryan Templeton
33,1,51,2523,Sridhara Sabbella
33,2,51,2652,Sridhara Sabbella
33,3,53,2633,Sridhara Sabbella
33,4,55,2762,Sridhara Sabbella
33,5,52,2709,Sridhara Sabbella
33,6,60,2765,Sridhara Sabbella
33,7,54,2677,Sridhara Sabbella
33,8,52,2741,Sridhara Sabbella
33,9,55,2570,Sridhara Sabbella
33,10,57,2743,Sridhara Sabbella
33,11,52,2582,Sridhara Sabbella
33,12,49,2681,Sridhara Sabbella
33,13,48,2767,Sridhara Sabbella
33,14,56,2634,Sridhara Sabbella
33,15,57,2533,Sridhara Sabbella
33,16,57,2536,Sridhara Sabbella
33,17,56,2707,Sridhara Sabbella
33,18,57,2709,Sridhara Sabbella
33,19,60,2775,Sridhara Sabbella
33,20,59,2773,Sridhara Sabbella
33,21,51,2786,Sridhara Sabbella
33,22,49,2682,Sridhara Sabbella
33,23,48,2738,Sridhara Sabbella
33,24,48,2714,Sridhara Sabbella
33,25,52,2749,Sridhara Sabbella
33,26,58,2760,Sridhara Sabbella
33,27,50,2779,Sridhara Sabbella
33,28,49,2549,Sridhara Sabbella
33,29,57,2582,Sridhara Sabbella
33,30,46,2712,Sridhara Sabbella
33,31,53,2757,Sridhara Sabbella
33,32,50,2776,Sridhara Sabbella
33,33,50,2602,Sridhara Sabbella
33,34,46,2682,Sridhara Sabbella
33,35,51,2684,Sridhara Sabbella
33,36,56,2587,Sridhara Sabbella
33,37,50,2659,Sridhara Sabbella
33,38,48,2596,Sridhara Sabbella
33,39,60,2618,Sridhara Sabbella
33,40,59,2755,Sridhara Sabbella
33,41,55,2514,Sridhara Sabbella
33,42,58,2784,Sridhara Sabbella
33,43,46,2750,Sridhara Sabbella
33,44,50,2680,Sridhara Sabbella
33,45,54,2630,Sridhara Sabbella
33,46,60,2750,Sridhara Sabbella
33,47,50,2641,Sridhara Sabbella
33,48,55,2596,Sridhara Sabbella
33,49,52,2704,Sridhara Sabbella
33,50,51,2784,Sridhara Sabbella
33,51,58,2567,Sridhara Sabbella
33,52,48,2646,Sridhara Sabbella
34,1,50,2649,Frank Romano
34,2,55,2698,Frank Romano
34,3,59,2609,Frank Romano
34,4,47,2615,Frank Romano
34,5,58,2713,Frank Romano
34,6,59,2686,Frank Romano
34,7,58,2687,Frank Romano
34,8,58,2639,Frank Romano
34,9,56,2525,Frank Romano
34,10,50,2659,Frank Romano
34,11,60,2502,Frank Romano
34,12,53,2571,Frank Romano
34,13,56,2639,Frank Romano
34,14,50,2719,Frank Romano
34,15,60,2707,Frank Romano
34,16,57,2660,Frank Romano
34,17,57,2669,Frank Romano
34,18,48,2622,Frank Romano
34,19,49,2509,Frank Romano
34,20,47,2764,Frank Romano
34,21,46,2586,Frank Romano
34,22,55,2676,Frank Romano
34,23,58,2793,Frank Romano
34,24,49,2670,Frank Romano
34,25,54,2595,Frank Romano
34,26,51,2657,Frank Romano
34,27,60,2706,Frank Romano
34,28,55,2775,Frank Romano
34,29,58,2711,Frank Romano
34,30,60,2705,Frank Romano
34,31,53,2584,Frank Romano
34,32,49,2641,Frank Romano
34,33,51,2665,Frank Romano
34,34,51,2773,Frank Romano
34,35,55,2522,Frank Romano
34,36,46,2530,Frank Romano
34,37,48,2576,Frank Romano
34,38,59,2614,Frank Romano
34,39,45,2725,Frank Romano
34,40,60,2575,Frank Romano
34,41,48,2754,Frank Romano
34,42,55,2627,Frank Romano
34,43,57,2660,Frank Romano
34,44,57,2683,Frank Romano
34,45,52,2511,Frank Romano
34,46,58,2540,Frank Romano
34,47,59,2500,Frank Romano
34,48,59,2612,Frank Romano
34,49,49,2637,Frank Romano
34,50,58,2800,Frank Romano
34,51,51,2694,Frank Romano
34,52,58,2789,Frank Romano
35,1,47,2640,Emil Siemes
35,2,51,2659,Emil Siemes
35,3,53,2653,Emil Siemes
35,4,58,2732,Emil Siemes
35,5,53,2767,Emil Siemes
35,6,60,2545,Emil Siemes
35,7,50,2674,Emil Siemes
35,8,55,2557,Emil Siemes
35,9,54,2778,Emil Siemes
35,10,47,2648,Emil Siemes
35,11,53,2612,Emil Siemes
35,12,50,2749,Emil Siemes
35,13,60,2783,Emil Siemes
35,14,56,2655,Emil Siemes
35,15,59,2707,Emil Siemes
35,16,59,2614,Emil Siemes
35,17,52,2686,Emil Siemes
35,18,58,2565,Emil Siemes
35,19,59,2580,Emil Siemes
35,20,55,2797,Emil Siemes
35,21,52,2580,Emil Siemes
35,22,52,2606,Emil Siemes
35,23,48,2793,Emil Siemes
35,24,45,2500,Emil Siemes
35,25,59,2600,Emil Siemes
35,26,46,2658,Emil Siemes
35,27,50,2601,Emil Siemes
35,28,54,2772,Emil Siemes
35,29,46,2742,Emil Siemes
35,30,49,2715,Emil Siemes
35,31,49,2619,Emil Siemes
35,32,48,2589,Emil Siemes
35,33,59,2720,Emil Siemes
35,34,60,2798,Emil Siemes
35,35,48,2665,Emil Siemes
35,36,48,2503,Emil Siemes
35,37,55,2672,Emil Siemes
35,38,48,2752,Emil Siemes
35,39,50,2696,Emil Siemes
35,40,48,2635,Emil Siemes
35,41,60,2644,Emil Siemes
35,42,56,2630,Emil Siemes
35,43,54,2583,Emil Siemes
35,44,45,2714,Emil Siemes
35,45,53,2703,Emil Siemes
35,46,58,2716,Emil Siemes
35,47,46,2734,Emil Siemes
35,48,51,2576,Emil Siemes
35,49,53,2571,Emil Siemes
35,50,49,2795,Emil Siemes
35,51,49,2759,Emil Siemes
35,52,51,2685,Emil Siemes
36,1,58,2702,Andrew Grande
36,2,57,2636,Andrew Grande
36,3,51,2713,Andrew Grande
36,4,47,2754,Andrew Grande
36,5,50,2572,Andrew Grande
36,6,54,2705,Andrew Grande
36,7,51,2740,Andrew Grande
36,8,54,2597,Andrew Grande
36,9,60,2559,Andrew Grande
36,10,51,2734,Andrew Grande
36,11,60,2601,Andrew Grande
36,12,46,2737,Andrew Grande
36,13,57,2759,Andrew Grande
36,14,54,2598,Andrew Grande
36,15,52,2593,Andrew Grande
36,16,58,2520,Andrew Grande
36,17,45,2717,Andrew Grande
36,18,57,2573,Andrew Grande
36,19,59,2780,Andrew Grande
36,20,52,2625,Andrew Grande
36,21,54,2546,Andrew Grande
36,22,58,2686,Andrew Grande
36,23,57,2533,Andrew Grande
36,24,58,2775,Andrew Grande
36,25,53,2566,Andrew Grande
36,26,58,2666,Andrew Grande
36,27,56,2685,Andrew Grande
36,28,60,2740,Andrew Grande
36,29,53,2622,Andrew Grande
36,30,59,2798,Andrew Grande
36,31,56,2609,Andrew Grande
36,32,45,2571,Andrew Grande
36,33,45,2527,Andrew Grande
36,34,47,2799,Andrew Grande
36,35,56,2747,Andrew Grande
36,36,60,2611,Andrew Grande
36,37,46,2524,Andrew Grande
36,38,47,2743,Andrew Grande
36,39,54,2573,Andrew Grande
36,40,55,2707,Andrew Grande
36,41,57,2540,Andrew Grande
36,42,54,2518,Andrew Grande
36,43,56,2796,Andrew Grande
36,44,45,2556,Andrew Grande
36,45,59,2668,Andrew Grande
36,46,52,2778,Andrew Grande
36,47,53,2716,Andrew Grande
36,48,56,2604,Andrew Grande
36,49,48,2745,Andrew Grande
36,50,50,2612,Andrew Grande
36,51,59,2639,Andrew Grande
36,52,56,2610,Andrew Grande
37,1,59,2659,Wes Floyd
37,2,50,2510,Wes Floyd
37,3,46,2537,Wes Floyd
37,4,58,2732,Wes Floyd
37,5,48,2752,Wes Floyd
37,6,47,2537,Wes Floyd
37,7,45,2555,Wes Floyd
37,8,57,2571,Wes Floyd
37,9,58,2733,Wes Floyd
37,10,50,2533,Wes Floyd
37,11,57,2688,Wes Floyd
37,12,50,2516,Wes Floyd
37,13,59,2657,Wes Floyd
37,14,58,2784,Wes Floyd
37,15,56,2541,Wes Floyd
37,16,45,2608,Wes Floyd
37,17,49,2778,Wes Floyd
37,18,46,2542,Wes Floyd
37,19,52,2659,Wes Floyd
37,20,51,2649,Wes Floyd
37,21,46,2509,Wes Floyd
37,22,56,2751,Wes Floyd
37,23,54,2573,Wes Floyd
37,24,49,2754,Wes Floyd
37,25,50,2675,Wes Floyd
37,26,52,2665,Wes Floyd
37,27,59,2676,Wes Floyd
37,28,59,2697,Wes Floyd
37,29,52,2680,Wes Floyd
37,30,52,2564,Wes Floyd
37,31,57,2529,Wes Floyd
37,32,51,2623,Wes Floyd
37,33,46,2552,Wes Floyd
37,34,51,2666,Wes Floyd
37,35,45,2739,Wes Floyd
37,36,54,2711,Wes Floyd
37,37,53,2681,Wes Floyd
37,38,48,2534,Wes Floyd
37,39,55,2658,Wes Floyd
37,40,50,2510,Wes Floyd
37,41,54,2761,Wes Floyd
37,42,54,2611,Wes Floyd
37,43,56,2797,Wes Floyd
37,44,47,2641,Wes Floyd
37,45,51,2682,Wes Floyd
37,46,50,2685,Wes Floyd
37,47,49,2553,Wes Floyd
37,48,54,2589,Wes Floyd
37,49,48,2777,Wes Floyd
37,50,45,2573,Wes Floyd
37,51,49,2538,Wes Floyd
37,52,57,2728,Wes Floyd
38,1,55,2634,Scott Shaw
38,2,56,2599,Scott Shaw
38,3,47,2791,Scott Shaw
38,4,45,2733,Scott Shaw
38,5,52,2686,Scott Shaw
38,6,54,2727,Scott Shaw
38,7,58,2516,Scott Shaw
38,8,47,2524,Scott Shaw
38,9,46,2755,Scott Shaw
38,10,46,2620,Scott Shaw
38,11,59,2510,Scott Shaw
38,12,50,2508,Scott Shaw
38,13,53,2747,Scott Shaw
38,14,55,2697,Scott Shaw
38,15,60,2511,Scott Shaw
38,16,47,2785,Scott Shaw
38,17,52,2599,Scott Shaw
38,18,60,2527,Scott Shaw
38,19,46,2720,Scott Shaw
38,20,56,2634,Scott Shaw
38,21,55,2742,Scott Shaw
38,22,49,2569,Scott Shaw
38,23,60,2537,Scott Shaw
38,24,56,2791,Scott Shaw
38,25,60,2735,Scott Shaw
38,26,54,2644,Scott Shaw
38,27,60,2694,Scott Shaw
38,28,55,2515,Scott Shaw
38,29,59,2661,Scott Shaw
38,30,50,2607,Scott Shaw
38,31,58,2628,Scott Shaw
38,32,57,2530,Scott Shaw
38,33,52,2508,Scott Shaw
38,34,51,2618,Scott Shaw
38,35,52,2638,Scott Shaw
38,36,59,2645,Scott Shaw
38,37,53,2570,Scott Shaw
38,38,58,2607,Scott Shaw
38,39,56,2773,Scott Shaw
38,40,47,2697,Scott Shaw
38,41,48,2574,Scott Shaw
38,42,47,2782,Scott Shaw
38,43,57,2789,Scott Shaw
38,44,53,2651,Scott Shaw
38,45,57,2580,Scott Shaw
38,46,53,2773,Scott Shaw
38,47,48,2692,Scott Shaw
38,48,46,2657,Scott Shaw
38,49,48,2508,Scott Shaw
38,50,60,2752,Scott Shaw
38,51,46,2513,Scott Shaw
38,52,52,2661,Scott Shaw
39,1,57,2773,David Kaiser
39,2,48,2566,David Kaiser
39,3,56,2605,David Kaiser
39,4,47,2515,David Kaiser
39,5,45,2677,David Kaiser
39,6,57,2609,David Kaiser
39,7,58,2662,David Kaiser
39,8,51,2724,David Kaiser
39,9,51,2576,David Kaiser
39,10,48,2800,David Kaiser
39,11,57,2710,David Kaiser
39,12,59,2790,David Kaiser
39,13,49,2674,David Kaiser
39,14,56,2537,David Kaiser
39,15,57,2671,David Kaiser
39,16,47,2695,David Kaiser
39,17,53,2618,David Kaiser
39,18,51,2666,David Kaiser
39,19,60,2722,David Kaiser
39,20,56,2714,David Kaiser
39,21,54,2641,David Kaiser
39,22,46,2533,David Kaiser
39,23,56,2785,David Kaiser
39,24,54,2557,David Kaiser
39,25,50,2608,David Kaiser
39,26,59,2504,David Kaiser
39,27,49,2597,David Kaiser
39,28,47,2784,David Kaiser
39,29,50,2752,David Kaiser
39,30,52,2785,David Kaiser
39,31,60,2773,David Kaiser
39,32,57,2570,David Kaiser
39,33,57,2721,David Kaiser
39,34,45,2664,David Kaiser
39,35,58,2710,David Kaiser
39,36,55,2720,David Kaiser
39,37,50,2751,David Kaiser
39,38,51,2564,David Kaiser
39,39,45,2586,David Kaiser
39,40,50,2760,David Kaiser
39,41,48,2677,David Kaiser
39,42,54,2530,David Kaiser
39,43,59,2646,David Kaiser
39,44,47,2615,David Kaiser
39,45,50,2616,David Kaiser
39,46,57,2697,David Kaiser
39,47,53,2667,David Kaiser
39,48,53,2740,David Kaiser
39,49,58,2694,David Kaiser
39,50,60,2722,David Kaiser
39,51,48,2742,David Kaiser
39,52,50,2773,David Kaiser
40,1,55,2695,Nicolas Maillard
40,2,60,2764,Nicolas Maillard
40,3,47,2727,Nicolas Maillard
40,4,55,2612,Nicolas Maillard
40,5,54,2699,Nicolas Maillard
40,6,60,2505,Nicolas Maillard
40,7,59,2547,Nicolas Maillard
40,8,51,2564,Nicolas Maillard
40,9,48,2753,Nicolas Maillard
40,10,46,2731,Nicolas Maillard
40,11,58,2676,Nicolas Maillard
40,12,54,2512,Nicolas Maillard
40,13,46,2730,Nicolas Maillard
40,14,56,2759,Nicolas Maillard
40,15,52,2799,Nicolas Maillard
40,16,55,2594,Nicolas Maillard
40,17,55,2615,Nicolas Maillard
40,18,45,2602,Nicolas Maillard
40,19,45,2748,Nicolas Maillard
40,20,50,2610,Nicolas Maillard
40,21,53,2642,Nicolas Maillard
40,22,55,2698,Nicolas Maillard
40,23,48,2577,Nicolas Maillard
40,24,47,2644,Nicolas Maillard
40,25,48,2580,Nicolas Maillard
40,26,53,2541,Nicolas Maillard
40,27,46,2583,Nicolas Maillard
40,28,59,2638,Nicolas Maillard
40,29,46,2510,Nicolas Maillard
40,30,51,2548,Nicolas Maillard
40,31,45,2786,Nicolas Maillard
40,32,48,2501,Nicolas Maillard
40,33,48,2726,Nicolas Maillard
40,34,45,2631,Nicolas Maillard
40,35,49,2501,Nicolas Maillard
40,36,49,2516,Nicolas Maillard
40,37,58,2741,Nicolas Maillard
40,38,50,2696,Nicolas Maillard
40,39,59,2518,Nicolas Maillard
40,40,49,2697,Nicolas Maillard
40,41,48,2669,Nicolas Maillard
40,42,49,2594,Nicolas Maillard
40,43,56,2693,Nicolas Maillard
40,44,57,2567,Nicolas Maillard
40,45,55,2509,Nicolas Maillard
40,46,50,2731,Nicolas Maillard
40,47,59,2732,Nicolas Maillard
40,48,60,2558,Nicolas Maillard
40,49,50,2615,Nicolas Maillard
40,50,58,2575,Nicolas Maillard
40,51,46,2550,Nicolas Maillard
40,52,55,2622,Nicolas Maillard
41,1,54,2622,Greg Phillips
41,2,49,2555,Greg Phillips
41,3,55,2700,Greg Phillips
41,4,46,2641,Greg Phillips
41,5,58,2791,Greg Phillips
41,6,59,2799,Greg Phillips
41,7,56,2573,Greg Phillips
41,8,60,2751,Greg Phillips
41,9,57,2746,Greg Phillips
41,10,46,2592,Greg Phillips
41,11,50,2629,Greg Phillips
41,12,57,2638,Greg Phillips
41,13,47,2593,Greg Phillips
41,14,60,2567,Greg Phillips
41,15,47,2800,Greg Phillips
41,16,52,2706,Greg Phillips
41,17,54,2752,Greg Phillips
41,18,60,2765,Greg Phillips
41,19,51,2702,Greg Phillips
41,20,54,2578,Greg Phillips
41,21,51,2733,Greg Phillips
41,22,54,2728,Greg Phillips
41,23,47,2547,Greg Phillips
41,24,53,2595,Greg Phillips
41,25,51,2648,Greg Phillips
41,26,58,2580,Greg Phillips
41,27,47,2536,Greg Phillips
41,28,49,2638,Greg Phillips
41,29,56,2679,Greg Phillips
41,30,46,2716,Greg Phillips
41,31,46,2723,Greg Phillips
41,32,45,2748,Greg Phillips
41,33,49,2677,Greg Phillips
41,34,53,2730,Greg Phillips
41,35,53,2588,Greg Phillips
41,36,58,2688,Greg Phillips
41,37,52,2655,Greg Phillips
41,38,45,2569,Greg Phillips
41,39,47,2630,Greg Phillips
41,40,48,2641,Greg Phillips
41,41,50,2798,Greg Phillips
41,42,55,2591,Greg Phillips
41,43,58,2689,Greg Phillips
41,44,47,2632,Greg Phillips
41,45,60,2577,Greg Phillips
41,46,48,2536,Greg Phillips
41,47,60,2772,Greg Phillips
41,48,58,2615,Greg Phillips
41,49,58,2749,Greg Phillips
41,50,49,2604,Greg Phillips
41,51,45,2610,Greg Phillips
41,52,55,2685,Greg Phillips
42,1,50,2577,Randy Gelhausen
42,2,50,2727,Randy Gelhausen
42,3,55,2616,Randy Gelhausen
42,4,60,2552,Randy Gelhausen
42,5,50,2538,Randy Gelhausen
42,6,55,2523,Randy Gelhausen
42,7,45,2541,Randy Gelhausen
42,8,57,2671,Randy Gelhausen
42,9,46,2771,Randy Gelhausen
42,10,55,2612,Randy Gelhausen
42,11,55,2520,Randy Gelhausen
42,12,52,2556,Randy Gelhausen
42,13,45,2652,Randy Gelhausen
42,14,47,2606,Randy Gelhausen
42,15,59,2788,Randy Gelhausen
42,16,45,2602,Randy Gelhausen
42,17,58,2674,Randy Gelhausen
42,18,55,2628,Randy Gelhausen
42,19,60,2659,Randy Gelhausen
42,20,45,2564,Randy Gelhausen
42,21,48,2620,Randy Gelhausen
42,22,55,2543,Randy Gelhausen
42,23,45,2583,Randy Gelhausen
42,24,48,2526,Randy Gelhausen
42,25,46,2587,Randy Gelhausen
42,26,56,2792,Randy Gelhausen
42,27,47,2706,Randy Gelhausen
42,28,50,2629,Randy Gelhausen
42,29,52,2565,Randy Gelhausen
42,30,56,2540,Randy Gelhausen
42,31,50,2577,Randy Gelhausen
42,32,51,2764,Randy Gelhausen
42,33,49,2711,Randy Gelhausen
42,34,48,2656,Randy Gelhausen
42,35,57,2554,Randy Gelhausen
42,36,56,2612,Randy Gelhausen
42,37,48,2550,Randy Gelhausen
42,38,55,2527,Randy Gelhausen
42,39,57,2723,Randy Gelhausen
42,40,55,2728,Randy Gelhausen
42,41,50,2557,Randy Gelhausen
42,42,53,2773,Randy Gelhausen
42,43,55,2786,Randy Gelhausen
42,44,54,2638,Randy Gelhausen
42,45,57,2542,Randy Gelhausen
42,46,48,2526,Randy Gelhausen
42,47,50,2795,Randy Gelhausen
42,48,53,2609,Randy Gelhausen
42,49,58,2584,Randy Gelhausen
42,50,48,2692,Randy Gelhausen
42,51,50,2566,Randy Gelhausen
42,52,48,2735,Randy Gelhausen
43,1,46,2622,Dave Patton
43,2,47,2688,Dave Patton
43,3,50,2544,Dave Patton
43,4,56,2573,Dave Patton
43,5,54,2691,Dave Patton
43,6,52,2796,Dave Patton
43,7,53,2564,Dave Patton
43,8,58,2624,Dave Patton
43,9,50,2528,Dave Patton
43,10,57,2721,Dave Patton
43,11,51,2722,Dave Patton
43,12,59,2681,Dave Patton
43,13,52,2683,Dave Patton
43,14,46,2663,Dave Patton
43,15,53,2579,Dave Patton
43,16,56,2519,Dave Patton
43,17,54,2584,Dave Patton
43,18,47,2665,Dave Patton
43,19,55,2511,Dave Patton
43,20,60,2677,Dave Patton
43,21,52,2585,Dave Patton
43,22,60,2719,Dave Patton
43,23,48,2655,Dave Patton
43,24,48,2641,Dave Patton
43,25,53,2512,Dave Patton
43,26,48,2612,Dave Patton
43,27,58,2614,Dave Patton
43,28,60,2551,Dave Patton
43,29,55,2682,Dave Patton
43,30,49,2504,Dave Patton
43,31,51,2701,Dave Patton
43,32,57,2554,Dave Patton
43,33,52,2730,Dave Patton
43,34,54,2783,Dave Patton
43,35,51,2681,Dave Patton
43,36,51,2655,Dave Patton
43,37,46,2629,Dave Patton
43,38,58,2739,Dave Patton
43,39,47,2535,Dave Patton
43,40,50,2512,Dave Patton
43,41,51,2701,Dave Patton
43,42,55,2538,Dave Patton
43,43,58,2775,Dave Patton
43,44,56,2545,Dave Patton
43,45,46,2671,Dave Patton
43,46,57,2680,Dave Patton
43,47,50,2572,Dave Patton
43,48,52,2517,Dave Patton
43,49,56,2743,Dave Patton
43,50,59,2665,Dave Patton
43,51,58,2593,Dave Patton
43,52,48,2764,Dave Patton
